41768797c9685f860b7beb4197f04265,💅🏻甜甜草莓美甲 | 美甲片,奈_5,20220605,947,415
ca8a99dd7605a7ab792451312d971e8f,拼多多良心美甲贴,小乖乖,20220605,44,8
a5eb2707cec57ea94f2b8717183b773f,Blingbling的美甲片来啦👏🏻💥,阿英英杂物记,20220605,713,420
9c5c6d5835e38a1ec822d81564f06c38,夏日显白美甲💅你不可错过的美甲单品,DashingDiva 黛丝堤华,20220605,814,638
e975b83ae8047d1f5fb00441531af39a,少女心美甲脚💅🏻多图～脚丫也要闪亮亮✨,🌙 VVvv,20220605,2455,1902
975a96c6732b5898fb7757ad2e31ca76,美甲店休想再赚我的钱！十块钱穿戴甲真香！,刘大大,20220605,4900,2305
69acd5615856aed0c96f9eeb6bbfd7f6,来款仙气飘飘的美甲吧💅,小V,20220605,8012,4116
ba435254b94b5b2363a8773f1cb85c07,短指甲必做的几款春夏美甲！,捏个宇宙小富婆,20220605,25000,14000
04efeeade69d320b30ef66548500c41e,和漂亮美甲💅滴合照,我想再睡九分钟,20220605,22000,11000
3419a1725c90d1cde7debbfdfe69eba1,求求你们去做这个人间闪耀富贵花美甲！！,东大门全智贤,20220605,47000,27000
f69092901c5c56a2ebe2ddc7c2c20647,显白短款冰透裸碎钻美甲✨闪到失焦！！！！,sdpp,20220605,45000,24000
a17a13e758d30b7f37e8dbb60fc268c3,双向暗恋💞｜冰透紫冰透黑渐变延长美甲,dongganmantou,20220605,49000,24000
41a5b9a1fe6aa2d9cece32f9307887dc,爆款总结✨冰透裸色温柔显白美甲合集,阿狍呐,20220605,15000,8061
1add50808408ecedc9412a14fd6e05da,美甲极限二选一,就是怼怼,20220605,4243,3513
4a7356aa153d2134dc2249784c4a90ce,『闪耀钻石糖』清新显白🍃春夏ins风美甲💅,潮流情报官,20220605,21000,11000
b5e562cf87dd884c840c656f878817ff,谁做谁好看的郁金香美甲🌷嫩住一整个春夏,imxy,20220605,36000,17000
66ab7ae2135c575affcc35715e3943aa,美甲分享｜春夏绝美闪钻钻！！,紫紫子_,20220605,37000,17000
53e9cb21989dbd44e659cab1026e8fd0,人间山茶花‼指甲也要过春天🌺清透温柔美甲,新品薯,20220605,87000,54000
9ccff3e0fea48f7659efa4dfa3dd7b1d,美甲师睡不着了,Miss J Nail和式美肌,20220605,14000,8523
778bbe1a08df95850d1a185d96c8f4a7,玫瑰青提🍈｜冰透绿魔镜粉渐变延长美甲,dongganmantou,20220605,36000,17000
02003498e431d32f81fbd22c2f8ef33d,春日美甲🌈,番薯六六,20220605,13000,4570
9c9bab3081e788a5a973e1b08ec5b142,夏日清凉奶油绿～绿色大亮片美甲,gsh,20220605,140000,93000
ea0bab4b35c511afc51800cd4f62e751,当美甲师做不出图片效果时❗️❗️❗️,三更,20220605,4077,1478
f4076ffb9cdbbc15316a1c960543d44f,温柔寂寞甲 太通透了giao,贪吃痣,20220605,46000,24000
51d8437841424e1357a44867bf654514,腮红甲 | 新年美甲 |超温柔的🎀,卷毛毛儿,20220605,90000,42000
32acd27fcbd6e7300e14297776f564f7,💅🏻｜被新做的指甲美晕 裸粉永远的神！,好好椰🥥,20220605,130000,75000
4385f8e290fa9cf382cb6f8f0a1e9139,水晶蜜桃🍑丨温柔冰透裸色·西柚果冻美甲,. 别来无恙,20220605,110000,87000
c7baea1068bc9365889fa4765e38eba6,出门被人夸一百次“你的指甲好闪”,才不生气,20220605,12000,6709
4c176e525e56c13539dcebe010a89cdb,ins甜酷美甲 · 鸳鸯法式  黑白爱心 🤍 🖤,一只影子,20220605,33000,19000
0f1911d942881eec2c405bc38bf43982,美甲看一下对比,今天悦悦喝水了吗,20220605,27000,8270
85f780c1001cfe63cc4b2087fc89ce3e,房山美甲美睫设计店人鱼宝藏系列,1CM2 NAIL 美甲设计,20220605,11000,5731
88b8e18dee13ab965473fc824decfd9c,冰糖碎金！！超适合夏日的美甲🍬,江直树,20220605,53000,26000
1a3549eeb1392e980bedd74aef2fbaf2,🌸早春美甲｜纯欲粉嫩腮红美甲💕,有空一起遛狗,20220605,140000,91000
c713629ed4b24007e40dda8fbe742863,新美甲分享！第一次做粉色真的太温柔啦,Mentenli,20220605,16000,8825
fc7fdf20a01a33de2c649fd4650ed717,粉粉嫩嫩的爱心腮红美甲💅🏻,某知名辣妹,20220605,3898,1118
313f286e9b2709c93bd807f28f5d7d9a,购物分享｜红竹穿戴甲才是国风天花板,小兔瑞贝卡,20220605,18000,5013
f66dbf2fddf4376def8738d992fc6c44,pxx 纯欲穿戴甲天花板！,VaniIIa.,20220605,15000,4608
8ed073058f650e8bd0c22cfb80069c28,穿戴甲：从入坑到退坑～,论文写完了吗？！,20220605,5523,2634
9ff9b4b69c08b0d12d5b9eed5445112f,拼夕夕穿戴甲！不买还要等到什么时候！？,屠龙小mai,20220605,3744,1028
f1cc0daf0ebeff096f675327bf9ba179,灰粉yyds！甜美系微腮红爱心钻bling穿戴甲😍,没有甜甜的恋爱,20220605,15000,5378
d798b1b002a748f6fc3c58ad21c205c2,DIARYNAIL穿戴甲｜今日合辑,日记DIARYNAIL穿戴甲,20220605,2043,1016
0abd48858925228ef57e2162c3ca813e,为什么做穿戴甲要买这么多甲片不都一样吗,StarLibra星秤美甲,20220605,15000,7278
d38fcf7e058222b3ea99a244b13fe6a9,这真是20r就能买到的极光蝴蝶穿戴甲吗！？,notdairy,20220605,16000,7098
60346a0e329f8ff27cc0ce951fc4b52a,纯欲风淡紫色bling小花穿戴甲✨有被嫩到诶🥰,没有甜甜的恋爱,20220605,14000,6424
5b52b6cbfcafa91bc7317151d2d3f604,这个穿戴甲真的好好看啊！,是青青呀,20220605,2474,983
8339ebbdcab391b94ab2ab8a040b7471,姐妹们穿戴甲真的不要经常戴！,羲妤,20220605,7111,2563
2d97c7cf568ef902ebb061d391ccd9e1,PDD穿戴甲大合集5‼️附踩雷款,不贴睫毛的阿wa,20220605,12000,7035
e0947346252607457d1f33f15d1ab616,11💰的穿戴甲诶！做工质量绝了！！,幽幽的手指甲有点空,20220605,30000,9511
09c03c3df0d96529f5ea509f368f6436,穿戴甲客定～✈️✈️✈️,TamakoNail,20220605,6120,2034
9cfd261181734b61f6db2a057be1b1fd,按头安利给你们这一款神仙穿戴甲,Mn.nail轻奢定制美甲,20220605,4856,1811
cf79cd87d1be955793ad41dccbc50b6a,碎钻白色山茶花🌸这是富家千金的穿戴甲吗,幽幽的手指甲有点空,20220605,21000,6200
b23c3d44a6535e78ae202e453e6d11ba,改行吧？穿戴甲没啥人看 干货分享一堆赞,Suncer 穿戴甲,20220605,3600,1508
4eeafc3f68c8afb9bf16cb100abd9540,穿戴甲💅｜纯欲蜜桃💗甜酷腮红晕染法式～,炸鸡汉堡包,20220605,12000,5246
942755c254051c06f54dc2ebae77d12d,💰27！让我一见钟情的克罗心穿戴甲！,得得B的美丽人生,20220605,5010,2056
63d90b79b5c2c904c2804aaee6689d0e,新入的穿戴甲 尊滴很好看,一颗🍊,20220605,1138,315
6dc2512c3312846f6fd44df9407ebdcb,穿戴甲💅｜还有谁没试过极光钻✨清冷温柔～,炸鸡汉堡包,20220605,16000,4860
8feecbdc43a2e8076ddfadf01f243cc2,穿戴甲,陈得抱不动cc,20220605,137,14
c126580c457498a52b09bb7823ba3b6d,小众ART NAIL,MOMO,20220605,22000,13000
5ffbad3f036500e95e62b3fde50c97d3,PDD不到20💰的穿戴甲推荐！真的太自然了！,琳酱,20220605,2144,505
306ff1f8728c16061c75b87330304305,黄黑皮穿戴甲26 测评💰18r法式紫边腮红甲～,INBLUE,20220605,1757,762
1019560eb6676f97d34480c01426ba12,穿戴甲穿的我好累,whaok-,20220605,4691,1207
7a1545ebe0331a9c717c93ff1bf21036,💅疑似踩雷之和姐姐的不约而同,荔枝和雪,20220605,1573,173
72e0ff5c68acc74b0e8b5230150f7170,穿戴甲大复盘2⃣️,得得B的美丽人生,20220605,6884,2739
e5cdbcc40436f31a89f8aa2be8050a52,穿戴甲分享｜20💰 瞧瞧这令人落泪的破碎美感,胖大爷爱吃火锅,20220605,5546,1921
6e409dba3e37923a0445c48694b376a3,姐妹们果然没骗我 真香,usTinian,20220605,1036,329
111604ad745fcf6756215154e447200c,这副穿戴甲我真无语死了,Duang,20220605,1441,739
3f6159ba199e18011fd5e10c9bb95e18,黄黑皮穿戴甲18 测评一颗栗子家花花派对🌼,INBLUE,20220605,5794,2244
6e7f55034f0ab26f97c275782e082b95,✨奶蓝法式贝壳爱心bling穿戴甲！美死谁了😍,没有甜甜的恋爱,20220605,20000,9661
429c6a97266f32a62d6e87b6d66fceaa,✨这个彩钻太高级啦！是梦中的bling穿戴甲～😍,没有甜甜的恋爱,20220605,13000,5078
7586fbfa9577661f06a9f59ef131bed2,听说你们都想看我的穿戴甲💅🏻,十一光年,20220605,4396,882
8d6bdb4cff6e06a902b120a591f903b5,救命！这个穿戴甲也太美了吧TuT,小绿（穿戴甲版,20220605,23000,5637
efb145fb779b5ac30cbe2898c3bb5bed,穿戴甲丨我是这样收纳整理的,柒柒不发脾气,20220605,8835,4312
7bb2737773850a51ed0f6b91bf9dd34e,穿戴甲店铺合集💅🏻十几块轻松get绝美款式,小丽不睡觉.,20220605,6330,2211
ec26a0d07ed5f72b47bd158235ca4e2c,盲买的pxx温精灵同款穿戴甲‼️推荐,走不动的小泡芙,20220605,3063,1111
29581d36224f66a2fb0966b6934501e7,只能看不能戴的穿戴甲,不爱画画的U-ki,20220605,3054,558
a686fb9edf266d834523581164e0b311,名创优品的甲片也太香辣！,Candy,20220605,6039,3078
bcc579a72dadb0c763cf0320f9873dc6,以假乱真了就是说！不到20r ！pdd穿戴甲get！,不能只便宜我一个人,20220605,8884,3028
54750766bc1dadc68d8775a5779a9006,穿戴甲｜腮红山茶花美甲,YUE NAIL月上美甲,20220605,2521,1619
5ad0f1e719fe90a5e5b1d48923c13f3d,穿戴甲💅｜把郁金香🌷戴在手上 春日气息满满,炸鸡汉堡包,20220605,27000,7443
f31473e32b557ed0c885b1b6af1be03f,✨太名媛啦！裸色调碎钻魔镜粉穿戴甲闪哭我😭,没有甜甜的恋爱,20220605,4256,2535
399904b1636897bb2084256fd5568124,穿戴甲小户的养成日记,兔小六🐰,20220605,5166,1772
2d0ccf79dc87e0afa06e497ad6b08338,💗🍬救命哇哇❗️💰25糖果宝石美甲太可爱惹💎,胖大爷爱吃火锅,20220605,38000,16000
5ada665795cb26da5829ca58b2c4eedd,许久未见，我们的合集系列美甲搭配,1CM2原创美甲_萝卜,20220605,30000,17000
b9f584a64f22324ccd7b3b90a0433b82,盲买挖到宝啦 穿戴甲17💰,皮蛋瘦肉周,20220605,9644,2928
df00197cb68299560ef3655714fd84a8,疯狂安利！！超级贴合的穿戴甲甲片！,Li栗叔,20220605,77000,32000
1e4492b8a31a996dd71120f9fbf739ef,穿戴甲💅｜请问是哪个仙女的宝石盒翻了🧡💙,炸鸡汉堡包,20220605,19000,7362
7ac87bb1234b30b805f095d97dd3509b,大踩雷！‖用穿戴甲伤人，能判几年？？,不高冷的宁宁,20220605,876,96
deef1888b3a90c4fbd11d11bf3ebfb50,洛可可玫瑰🌹有材料工具的姐妹做起来！,三金儿💕,20220605,82000,44000
6c7626a2262d3921447fe2bb55734409,AB款趣味 | 穿戴甲,CHERRY NAIL切瑞美甲,20220605,10000,3837
c9887e8437232447ceff5fd531626fce,美甲六选一,鑫苗,20220605,119,34
2a73fdd6299952207559dd7d0395b2c9,穿戴甲💅｜细节图来了！咱就是说美死谁了🆘,炸鸡汉堡包,20220605,83000,25000
43ad88ade4a10ca135b3d9370791fdda,穿戴甲！,洋芋,20220605,13000,3215
9297ddd4de622ae2adea94721f912a41,pdd穿戴甲｜这令人窒息的绝美光泽感,Li栗叔,20220605,71000,28000
637e8b50d452ccd68220884c80ed9e2b,穿戴甲店铺分享及避雷（pxx版 持续更新）💅,面包酱酱,20220605,4454,3094
a8edc4fa65713ecce77ab32a04089eb5,穿戴甲💅｜薄荷奶青法式小短甲🍃有点子Q～,炸鸡汉堡包,20220605,3241,1345
5e5b53fdf1ce5cf06a23f9ee72b2f561,💰21！蓝色波光粼粼穿戴甲！短甲爱好者福音！,得得B的美丽人生,20220605,3182,1359
31de72bf8dc0eb1f798af9846df6b734,超服帖 一星期不掉穿戴甲教程来啦！,牧羊犬只会打滚,20220605,29000,16000
1b7c411c75b82bbd0e627b0653e81fb2,穿戴甲/夏日美甲合集,艺淘穿戴甲定制,20220605,3703,1684
46d35e736d3a9685dd13918b91e6398f,pdd穿戴甲，23💰！！！,顺粒,20220605,32000,14000
3bb7730390c1ff73f71eb0c2140b91f3,穿戴甲｜高级简约美甲,YUE NAIL月上美甲,20220605,1983,0
e67568b998904a921f854d78440753e4,穿戴甲部分合集,一只小雪球吖,20220605,2011,951
754904776eafb317d01d7d601862728e,拼夕夕清透豆沙蝴蝶穿戴甲💅🏻,快乐小何✨,20220605,3156,1207
3d9962cc5f4f4337b2dea9d6d53c3ac2,穿戴甲｜小香风,一挽清愁,20220605,3726,1730
25bc067301d6250c845b99ef4e444eb4,热款穿戴甲合集,CHERRY NAIL切瑞美甲,20220605,3737,1619
40a0f481c28110cbc88aea20337b2d78,你们一直问的拼夕夕穿戴甲！均价20+！,None,20220605,9782,4392
728b4720d5c3116f530c41eab1d2b941,【测评】是我中意的长岛冰茶穿戴甲🌸呀,夏夏爱臭美🌸,20220605,7269,3693
12ef4d8cfc28691c9ebba15072c8bd46,美甲师给我的 这算还原了嘛,None,20220605,48000,6636
ce15596445cb4e53e250f3e070d46a4c,救命！五月的新美甲很难让人不爱啊,我俩甜甜,20220605,63000,39000
f3efa98dd8bcb5279c32cb1197c3effb,拿去找你的美甲师去做法式吧,叫我饱胀女孩,20220605,7176,3052
08791add69e79aa42d63ace12a64bf60,是圣诞的氛围吖,Winnie Nail,20220605,10000,6168
1bd71f7f161a7032dfc860771153e1fe,唐三彩风🦋同手同脚首饰穿戴甲,AmeliaAcc,20220605,9488,7160
3a5957380df903bc000c56516d4ad758,短款穿戴甲分享💓喜欢短指甲的姐妹快来！,阿mo的日常分享,20220605,23000,7336
6208e8afed4269cfc840c7f925e18970,谁打翻了宝石盒✨糖果彩钻bling穿戴甲闪晕我,没有甜甜的恋爱,20220605,5687,3018
d7a03bd521d033c1ceb19d51c885d5a1,✨冰透橘调极光山茶花穿戴甲！太显白啦🥰,没有甜甜的恋爱,20220605,15000,7840
75ec48ff93bd7e3bbb87ae6f153e0827,《关于我带了43副穿戴甲来留学这件事》,遇见鸡块,20220605,22000,6690
bedae34e892a11bccd8eec565b238cef,穿戴甲入坑合集2⃣|这也太便宜还好看了吧✨,喝点盐汽水,20220605,2825,1267
a51704052d099712bb230e80730e8d38,💰6.9的脚穿戴甲哈哈太香了,只只,20220605,7482,2792
99f11e6fa855179421fc0bfd068824b4,Pdd穿戴甲｜巴洛克宝石盒💎,给一筒买罐头🥫,20220605,1370,609
e2e854e72094faed73cd6fec0ee8521d,pdd绝美穿戴甲！,Komorebi,20220605,16000,7090
2463760718b1e6349f4896adae343600,绝美爆闪穿戴甲上手图来啦～就一杯奶茶钱✨,一个奶黄包,20220605,9164,2601
c7e9c637cbb217734dc6c2f3a7385756,夏日绿色系晕染气质高级感美甲🆒穿戴甲,柚子茶,20220605,7547,7137
5e6433e8b886790496e7e6dd5c748b24,终于让我找到最完美的小短甲了！！,Acid_,20220605,2157,1320
c37fd9c1fe9ad2f99eed5ac109f9450c,超级自然的穿戴甲！水当当的质感谁不爱呢😭,Li栗叔,20220605,7360,3772
f74c3b6ef252378929aa123540d85dd9,更新一下甲型选择,Lin Lin定制穿戴美甲,20220605,43000,18000
a217a376d70e4e90c1c3a53b694a46bd,穿戴甲#圣诞🎄指甲集合版,巷里美学,20220605,14000,3712
77821e9a2bf0ce12a13ee57dbfe794a5,穿戴甲｜灰蓝贝壳🐚,TamakoNail,20220605,15000,10000
e230d527deaaef587f6b333d699eed59,穿戴甲美甲成品穿戴式2022年新款中长款指甲,荣荣,20220605,5028,2237
4fbbbe3b360756fc94e1cd042001664b,在韩国🇰🇷穿戴甲订制 脚部穿戴甲 脚趾美甲,在韩国穿戴甲制作,20220605,6479,3377
3176ff94de192896fbacf926e7401921,新手穿戴甲保姆级教程(2)——详细制作流程,爱美甲的大悦,20220605,794,713
33685f29a9dccd43981f019d5813a903,问教程的可以来啦！,BELIEF NAILS,20220605,1848,926
dd7287267c86545eb6ce00fff3f204df,💫甜酷风彩钻满天星bling穿戴甲！太闪了叭😭,没有甜甜的恋爱,20220605,7698,2723
d6bc08bc3ad7fdc319e862ab932b54d4,nail｜客定,three moons nail,20220605,8288,4042
0d79c8189570ab3c2115b46afe17ff97,nail｜🏃🏻‍♀️仲夏的“心动”,three moons nail,20220605,25000,13000
2c4fb8c586d5d93cfdf4524d1eeace32,买到仿点翠穿戴甲的快乐！！【温柔中国风】,月亮不睡我不睡,20220605,715,366
1142776fef42115a0163bc780473dfa4,美国穿戴甲，一直被模仿哈哈,| SKY NAILS |,20220605,182,44
b088356106a780033aa36a9830bde12c,自入无广丨tb穿戴甲店铺大公开,柒柒不发脾气,20220605,5073,4963
ee45ecd633a29ece2b3cfaa5a79afeab,客订︱有被可爱到！,甜崽小白 穿戴甲定制,20220605,4854,3305
124af535756f62a4e8aa180c9ba5cebf,穿戴甲💅｜月光宝盒🤍直接…撞进我的心巴了,炸鸡汉堡包,20220605,9630,3609
b99c7f2bf75aa5a93b250cc35f2ed7eb,💫这太闪了吧？春夏甜心派彩钻bling穿戴甲😚,没有甜甜的恋爱,20220605,11000,3328
5ca5ed1c33db0d38c73bfe7b299efca2,这个真好用啊！,哈鲁哈鲁,20220605,3980,1313
8a07839448a5286049ccfbc2e8fa137e,穿戴甲💅｜没人逃得过闪片的诱惑✨高呼YYDS,炸鸡汉堡包,20220605,8360,2798
90ce04752cbee87db0316779633629cf,💫星辰大海渐变bling亮片穿戴甲！梦中情甲😍,没有甜甜的恋爱,20220605,703,267
c5f1f2851ee665a2db0826d6d94bb000,pdd穿戴甲｜闪闪蝴蝶🦋直接…撞进我的心巴～,甜甜大宝,20220605,9323,4082
18eb81ee78eb15063ea793c0ab4a57ae,穿戴甲制作第三弹,BoaLin,20220605,13000,4941
6511d86024323dce85b872439c546a55,水冰月🌙美少女战士🎀美甲,Amanda,20220605,9939,4626
245304827c24caa8df7df46797362bcb,『打翻宝石盒』仙气清透感🧚🏻‍♀️夏日美甲💅,潮流情报官,20220605,15000,6812
5868d76d4ea0766a43aa117b71015152,温柔气质 晕染美甲客图💅🏻,Bella Nail奈欧日式美甲美,20220605,20000,12000
9f20e44b82c472d328ab0d6b8537a053,💅🏻Share. 极光渐变清透美甲｜纯欲天花板🤯,yeskendall,20220605,20000,16000
6ba8eda8ede1bdeaa7976e9baec69c34,美甲圈子里需要给自己的原创作品上版权吗？,吾乃山鬼,20220605,14000,2828
3e8316f5944bb500cd4aa6237ab12c70,穿戴甲🌷2022新款显白美甲｜奶油法式,胖大爷爱吃火锅,20220605,21000,11000
6d34f322ac057717b41517d1f92ca057,这个辣妹荧光不火没有天理啊,Lins Nail美甲工作室,20220605,54,14
6bd5ac3b448a0ab93a90e58ae5308d8a,🤍🖤暗黑甜酷系美甲 应该是没翻🚗,南风向北🍃,20220605,16,7
6f19303e3d2498382aefdbed9456aaa5,五瓣花美甲款式 淑女必备👌🏻,JS.Nail Art 阿珊.33,20220605,272,243
bc25f934235960f73bb42f7a82cbcd11,作为美甲界一颗成熟的韭菜居然占到便宜了！,疯狂的韭菜,20220605,5969,3174
c29e709994847b4cd4b932206c59b4b4,银色山泉🧊｜魔镜粉渐变延长美甲,dongganmantou,20220605,6223,3293
9c0b736e80708a64103e56876316ac16,酷酷女孩 金属风美甲,u Two。ノ,20220605,1219,717
37e81e61ac4ef6483515b3eac005134b,新加坡🇸🇬一站式美容美甲美睫店｜仅$19.9！,麻雀在狮城,20220605,29,19
03c8c5e117a5b4080dc18dd95934782e,特调水心蓝🧊美甲,MIZO茗作致尚美甲美,20220605,2889,1922
2576302b2aa6c7310772ebb05a6d7229,冰透气息的buling质感｜哇塞诶々,MOKOB肌研美所,20220605,9491,7242
be18dd36267c918cb9f23aec8c54739c,同手同脚💐富贵千金粉首饰穿戴甲,AmeliaAcc,20220605,10000,6153
84fe8cd09f4c0ccaf6e8d186b523b6fb,能戴着洗澡的穿戴甲果冻胶选出来了！,- 曲祁,20220605,6864,4543
da067a57d06daa5ff50643b7be54b2e9,夏日甜心辣妹美甲|爆闪千禧Y2k💗可盐可甜,不是阿Q,20220605,4350,2650
f431e1194b2bc14cb866bca7c36d9b56,霓虹甜心 小众堆堆乐美甲,Clawfun 爪趣,20220605,7011,3847
9abf4730251b7fe6c0a7772b23d6e2ff,一张图教各位迪丽热巴在英国美甲店描述甲型,静崽在谢村起飞,20220605,6490,3304
9c445f7508e41e2609f0577bf95680b4,3M胶是真的巨贴,你再说一遍,20220605,4271,877
02157188a5ce056319a546aa7069a9d5,穿戴甲💙克莱因蓝石膏立体显白美甲,胖大爷爱吃火锅,20220605,4239,1772
9338e6d4f4bc17e3255f3b17acfb488b,太闪了叭🌙甜心bling水冰月穿戴甲与月光💍,没有甜甜的恋爱,20220605,4378,1577
fdd9d61368074e09da223189e240d859,穿戴甲定制💅🏻,TANG NAIL唐 奈尔,20220605,4858,2385
d1212335156f51f421c7192385e9dde0,夏日甜心奶绿💚薄荷绿穿戴甲与星辰💍!!,陈醋味的小乔,20220605,4066,1770
cd4f0777a5725d8f539d155481cc24cd,💫彩钻yyds！春夏宝石bling穿戴甲我爱惨了😭,没有甜甜的恋爱,20220605,2930,1504
f266e0560252e64cffaf1cbb40c567cd,薄荷甜心🌠,月匠美甲,20220605,36000,17000
eb4cee6b26a12f2e7a5a7f22aa8fcd57,亮片美甲➕华子的钻钻就是YYDS,Gemini鸥鸥,20220605,1245,932
555e2ba50afbc26bf88cdf47f1bbce18,客订～💅非原创,一只熊nail,20220605,1061,327
a880c11d7e5a76183e04b2aa0503769b,美甲｜谁能拒绝可爱的小海蜇头们呢？🐙,Eucaly by bloc2420,20220605,11000,4023
422b88105299e83190944cd3a1c7f980,简约手绘|🖤🤍20r黑白简约ins风穿戴甲合集,Elvin_C,20220605,190,153
60b0d1fb0ef235efa0db854ee2de290a,pdd就是我的美甲店！！穿戴甲店铺分享‼️,甜甜大宝,20220605,37000,19000
843f4f531628035f4d061c329df3c91b,穿戴甲15💰/立体水蜜桃,不要和我说话,20220605,1209,435
4525a824ae8a0d0dd40e0f944d7c1347,pdd22💰黄皮天菜姐妹们 不显黑甲型嘎嘎棒,77偶尔会撒娇,20220605,7916,3141
5289c1e65592109c6e32aaa4167331dd,一个近期开箱📦小预告～,YUNN,20220605,4434,1356
a328ef4716e8ed66c4c02da8b282119b,一个富婆小姐姐的六副丨后有大图,CC NAIL STUDIO,20220605,1285,530
0b3b9dc292006693fafd73d2ad38d63e,Ins 博主同款美甲,怡然自得,20220605,1084,592
fdeca4236ddabd0cd0922875614250bf,9.95💰的手工穿戴甲,小启,20220605,3452,898
9a272c2ee43a0e3a9168e4ca5464867f,是谁的少女心动了！🍦夏日彩绘美甲来啦,佳佳同学,20220605,1514,655
a5a6a29e3c621853ddf751a7ef69ffb1,DIARYNAIL穿戴甲｜海底艺术盒,日记DIARYNAIL穿戴甲,20220605,834,726
399294cde9626ea79e91c7f93b6ec6d3,谁知道哪里能买到这种穿戴甲吗！！,糖不会飞,20220605,28,9
17713167b5dd7b4a9631dee38f20c429,穿戴甲｜爱心款,YUE NAIL月上美甲,20220605,893,575
98959a3b205cad2285be0506ece08689,穿戴甲合集第三趴｜夏日水蜜桃美甲,短指甲的步步,20220605,242,119
bcb01c22f6bc3ed4262e8962958213c1,穿戴甲‖青柠汽水,c2🌸穿戴甲(6月排满),20220605,1320,680
c792da4f48da9b9a9f255c43f2e47a67,适合夏天的美甲合集💅穿戴甲可真太方便了,熊熊头很大,20220605,11000,5564
8a07ffff37306d3dc0734914aa537cac,pdd女孩的穿戴甲分享💅🏻第二款美绝了！！,旺旺小小徐🥞,20220605,479,363
2d0fded3d694c4c7f6992a4b9c2c12a7,北境传说🦋显白美甲 长春花蓝爆闪穿戴甲💅,gsh,20220605,1011,935
b2893fb71457b6af9f651397136cd029,自制穿戴甲💅新手DIY美甲工具教程推荐,一one很爱美,20220605,2529,1960
4a213102cab1a1af1dff3e03bab793f5,我愿意称之为pxx穿戴甲短甲天花板！,Sssophy-,20220605,14000,7193
5caf86d64e2be963e6e890da4188d84b,美甲💅手工穿戴甲,Taoxi Nail（桃喜）,20220605,2483,1738
a4fdefa3733d6ce69f7391aaf42c93f4,💫太清新了叭？！春夏嫩芽绿手绘小花穿戴甲😍,没有甜甜的恋爱,20220605,814,320
62baba067f69117d7f7561cb7aedee61,💅穿戴甲店铺推荐&避雷,吓死山竹,20220605,2556,2739
746a5b761fc28323aac06c3336caec84,pxx穿戴甲店铺分享！日抛手全靠这些美甲铺子,幽幽的手指甲有点空,20220605,1820,1439
38ef721087623cad3bec908034f34891,夏日甜嗲小豹纹💕粉钻辣妹穿戴甲可盐可甜,陈醋味的小乔,20220605,2418,1009
ad837142d8d453eb9f13b6759ff88d88,悸动电波⚡️是我想要的简约感了！,三金儿💕,20220605,3289,1529
495e56b2858705bec765c1c9bacb675e,pdd穿戴甲｜19r鎏金链条蝴蝶结🎀甜酷拿捏！⛓️,YUNN,20220605,1164,419
7ea2f3b0a0f52649405896541e6f0007,人鱼宝藏系列｜穿戴甲,云间美甲小铺,20220605,3877,2758
04a342372b9e9024280e8af4c7e94e03,夏日美甲分享💅bling bling的太喜欢啦！,Holidayever,20220605,667,276
340fe343399de8391747e36d3c3405cb,在Pxx 真的干不下去了😭一天才这么几单,是不是甜心宝贝,20220605,1452,254
22c997fbaff1bf3238707ba32fd37825,🔥ins风穿戴甲推荐 | 几十💰拥有的快乐✨,春季限定小琳,20220605,538,0
356523ea5692605222f8e2c4c3ea302d,穿戴甲💅｜我趣…这也太美了🤍短甲的春天来了,炸鸡汉堡包,20220605,3619,1359
3e0ca004c34d81ddd59a6b6bf7f9ed63,pdd穿戴甲｜太绝了叭✨奶蓝法式爱心💗,甜甜大宝,20220605,5450,1653
d55297bdd2c9e6e4cabdaafe91539ea8,「 爱与机器人 」,杰尼蹦蹦,20220605,1251,645